kush,1000.00
cbd,1000.00
buyweed,1000.00
mycannabis,1000.00
happy420,1000.00
hemper,1000.00
cbdclub,1000.00
cannabismedicinal,1000.00
cannaclub,1000.00
medicannabis,1000.00
weedtv,1000.00
hempz,1000.00
weedcenter,1000.00
americannational,1000.00
cbd,1000.00
cannabismedia,1000.00
weedshops,1000.00
hempplant,1000.00
cbd,1000.00
cannacorp,1000.00
canna,1000.00
cannabliss,1000.00
cannabar,1000.00
californiamarijuana,1000.00
cbdinfused,1000.00
industrialhemp,1000.00
hempharvest,1000.00
hemp,1000.00
ycbd,1000.00
kush,1000.00
purplekush,1000.00
cannabiscompany,1000.00
cannabis,1000.00
hempconsultant,1000.00
marijuanadoctor,1000.00
the420times,1000.00
cbdlabs,1000.00
countrycannabis,1000.00
planetcannabis,1000.00
marijuanarecipes,1000.00
ketocbd,1000.00
liquidcbd,1000.00
buyweedonline,1000.00
weedmagazine,1000.00
hempdirectory,1000.00
naturalhemp,1000.00
cannabisextraction,1000.00
cannabisextraction,1000.00
cannabis,1000.00
tajweed,1000.00
weedgames,1000.00
weedgames,1000.00
weedy,1000.00
marijuanabank,1000.00
cannarx,1000.00
hemp,1000.00
hempstock,1000.00
cbdcs,1000.00
indica,1000.00
cannabisx,1000.00
kush,1000.00
cannabis,1000.00
cbd,1000.00
cbdcream,1000.00
weed,1000.00
cannabal,1000.00
cbdhealth,1000.00
ezweed,1000.00
hempextractor,1000.00
hempextractor,1000.00
buycannabisseeds,1000.00
cannamedical,1000.00
marijuananevada,1000.00
magicweed,1000.00
hemplex,1000.00
cbdom,1000.00
cbdexpo,1000.00
sweetleafmarijuana,1000.00
cbdskincream,1000.00
cannabis,1000.00
smokeweed,1000.00
cannajuice,1000.00
weedonline,1000.00
dieselhemp,1000.00
hempcenter,1000.00
bccannabisstore,1000.00
shophemp,1000.00
cbdsale,1000.00
regulatemarijuanainalaska,1000.00
weedville,1000.00
cannabismd,1000.00
marijuanasupply,1000.00
organiccannabis,1000.00
ukcannabis,1000.00
cannar,1000.00
weedcentral,1000.00
buyhemp,1000.00
hemp,1000.00
smartcbd,1000.00
cannabi,1000.00
weed,1000.00
cbdpharmacy,1000.00
cbdcookies,1000.00
cannaco,1000.00
cannaculture,1000.00
weedweed,1000.00
hempsolutions,1000.00
cbdgummie,1000.00
weedtalk,1000.00
cannabistrading,1000.00
nara-yakushiji,1000.00
weedman,1000.00
hempseed,1000.00
mdcbd,1000.00
cannabismedical,1000.00
cannatron,1000.00
cannabis,1000.00
cannacare,1000.00
cbdliquid,1000.00
cbd,1000.00
indicapital,1000.00
weedlawyer,1000.00
weeduk,1000.00
weedchat,1000.00
weedoo,1000.00
hempwiki,1000.00
hempdrying,1000.00
freshempire,1000.00
420la,1000.00